{
  "bg": 101, 
  "temp": "absolute", 
  "snoozeBG": 114, 
  "recieved": true, 
  "predBGs": {
    "IOB": [
      101, 
      101, 
      101, 
      102, 
      102, 
      103, 
      104, 
      105, 
      106, 
      107, 
      108, 
      110, 
      112, 
      113, 
      115, 
      117, 
      118, 
      120, 
      122, 
      123, 
      125, 
      126, 
      127, 
      128, 
      129, 
      130, 
      131, 
      132, 
      133, 
      133, 
      134, 
      135, 
      135, 
      135, 
      136, 
      136, 
      136, 
      136, 
      136, 
      136, 
      137
    ]
  }, 
  "reason": "COB: 0, Dev: -11, BGI: 1.78, ISF: 94, Target: 117; Eventual BG 114 < 117, 29m@-0.525 = -0.254 < req -0.06396588486140725-0.1575", 
  "rate": 0.4, 
  "COB": 0, 
  "eventualBG": 114, 
  "timestamp": "2016-10-01T08:52:35.146595", 
  "duration": 30, 
  "tick": "+1", 
  "IOB": -0.266
}