{
  "bg": 201, 
  "temp": "absolute", 
  "snoozeBG": 77, 
  "recieved": true, 
  "predBGs": {
    "IOB": [
      201, 
      196, 
      190, 
      184, 
      178, 
      172, 
      166, 
      159, 
      153, 
      147, 
      141, 
      135, 
      130, 
      124, 
      120, 
      116, 
      112, 
      110, 
      107, 
      105, 
      104, 
      102, 
      101, 
      101, 
      100, 
      100, 
      100, 
      100, 
      101, 
      101, 
      102, 
      102, 
      103, 
      104, 
      104, 
      105, 
      105, 
      105, 
      105, 
      106
    ]
  }, 
  "reason": "COB: 0, Dev: 6, BGI: -6.4, ISF: 100, Target: 80; Eventual BG 77 < 80, Snooze BG 77, 28m@-0.775 = -0.362 < req -0.05-0.23249999999999998", 
  "rate": 0.675, 
  "COB": 0, 
  "eventualBG": 77, 
  "timestamp": "2016-09-30T22:18:00.233070", 
  "duration": 30, 
  "tick": -5, 
  "IOB": 1.301
}